Date,Usage_kWh
2018-07-15,42.09119
2018-07-16,54.85457666666667
2018-07-17,38.51158
2018-07-18,30.934866666666668
2018-07-19,37.09270166666667
2018-07-20,31.31214
2018-07-21,35.14425
2018-07-22,40.54616333333333
2018-07-23,29.956646666666664
2018-07-24,36.65756833333333
2018-07-25,32.53354833333333
2018-07-26,30.60134
2018-07-27,28.999165
2018-07-28,29.075353333333332
2018-07-29,28.99415833333333
2018-07-30,31.692748333333334
2018-07-31,34.55598833333333
2018-08-01,47.343095
2018-08-02,55.92160166666667
2018-08-03,47.77815333333333
2018-08-04,42.85373333333334
2018-08-05,48.528193333333334
2018-08-06,38.48751666666667
2018-08-07,32.130628333333334
2018-08-08,31.013458333333332
2018-08-09,32.92087166666667
2018-08-10,40.451071666666664
2018-08-11,36.901830000000004
2018-08-12,42.38038333333333
2018-08-13,36.814193333333336
2018-08-14,35.871895
2018-08-15,31.284263333333335
2018-08-16,35.612046666666664
2018-08-17,46.01147666666667
2018-08-18,37.10799
2018-08-19,40.866128333333336
2018-08-20,45.743925
2018-08-21,35.223836666666664
2018-08-22,50.608615
2018-08-23,50.45967666666666
2018-08-24,43.35064333333333
2018-08-25,42.668463333333335
2018-08-26,40.5662
2018-08-27,32.83703333333333
2018-08-28,42.09159833333333
2018-08-29,37.05354333333333
2018-08-30,38.374673333333334
2018-08-31,36.561476666666664
2018-09-01,39.391895
2018-09-02,36.22358833333333
2018-09-03,32.655973333333336
2018-09-04,24.540931666666665
2018-09-05,26.68991
2018-09-06,34.78238666666667
2018-09-07,35.71847
2018-09-08,32.231320000000004
2018-09-09,38.012674999999994
2018-09-10,36.54159666666667
2018-09-11,34.89102666666667
2018-09-12,41.297689999999996
2018-09-13,37.200045
2018-09-14,44.21931166666666
2018-09-15,32.521370000000005
2018-09-16,32.198425
2018-09-17,34.558571666666666
2018-09-18,37.211911666666666
2018-09-19,39.14848666666667
2018-09-20,39.86517166666667
2018-09-21,41.85088
2018-09-22,26.036766666666665
2018-09-23,17.688139999999997
2018-09-24,15.66762
2018-09-25,20.146988333333336
2018-09-26,21.937326666666667
2018-09-27,15.139936666666667
2018-09-28,20.737181666666668
2018-09-29,14.787066666666668
2018-09-30,16.379413333333332
2018-10-01,15.601065
2018-10-02,16.743801666666666
2018-10-03,17.936846666666668
2018-10-04,15.72201
2018-10-05,13.647744999999999
2018-10-06,16.027556666666666
2018-10-07,14.313223333333333
2018-10-08,17.25724166666667
2018-10-09,15.060371666666667
2018-10-10,15.191921666666667
2018-10-11,19.56442333333333
2018-10-12,20.046235000000003
2018-10-13,18.715141666666668
2018-10-14,16.498373333333333
2018-10-15,17.500951666666666
2018-10-16,19.441480000000002
2018-10-17,17.261703333333333
2018-10-18,15.034656666666665
2018-10-19,16.196801666666666
2018-10-20,16.760275
2018-10-21,16.479644999999998
2018-10-22,15.135703333333334
2018-10-23,14.735183333333334
2018-10-24,10.677055
2018-10-25,11.844336666666667
2018-10-26,12.150176666666665
2018-10-27,11.679233333333334
2018-10-28,11.158568333333333
2018-10-29,9.519813333333333
2018-10-30,11.839323333333335
2018-10-31,13.687078333333332
2018-11-01,12.386226666666666
2018-11-02,12.054983333333332
2018-11-03,11.046726666666666
2018-11-04,11.955976666666666
2018-11-05,10.08368
2018-11-06,8.755456666666667
2018-11-07,9.2332
2018-11-08,10.127184999999999
2018-11-09,9.564808333333334
2018-11-10,11.500858333333333
2018-11-11,11.637030000000001
2018-11-12,11.546664999999999
2018-11-13,10.34519
2018-11-14,10.7394
2018-11-15,9.986223333333333
2018-11-16,10.214653333333333
2018-11-17,10.789401666666667
2018-11-18,12.567131666666667
2018-11-19,9.558813333333333
2018-11-20,9.021938333333333
2018-11-21,11.110035
2018-11-22,9.417110000000001
2018-11-23,10.061996666666666
2018-11-24,10.192503333333333
2018-11-25,11.0088
2018-11-26,10.8995
2018-11-27,11.233833333333333
2018-11-28,10.089165000000001
2018-11-29,10.345708333333333
2018-11-30,10.348271666666667
2018-12-01,10.127569999999999
2018-12-02,9.314923333333333
2018-12-03,11.486515
2018-12-04,10.692655
2018-12-05,11.55625
2018-12-06,10.508963333333332
2018-12-07,10.941195
2018-12-08,10.945156666666666
2018-12-09,11.472465
2018-12-10,12.240585000000001
2018-12-11,11.188866666666666
2018-12-12,12.840501666666666
2018-12-13,11.530965
2018-12-14,11.678776666666666
2018-12-15,11.211231666666666
2018-12-16,11.945983333333334
2018-12-17,9.566146666666667
2018-12-18,12.518966666666667
2018-12-19,11.228396666666667
2018-12-20,11.555248333333333
2018-12-21,11.133751666666665
2018-12-22,10.826153333333334
2018-12-23,12.63181
2018-12-24,11.740446666666665
2018-12-25,11.185731666666667
2018-12-26,9.588566666666665
2018-12-27,9.604025
2018-12-28,10.720961666666666
2018-12-29,9.967039999999999
2018-12-30,10.52944
2018-12-31,10.37016
2019-01-01,12.147003333333334
2019-01-02,9.939053333333334
2019-01-03,10.19466
2019-01-04,10.789696666666666
2019-01-05,10.655398333333332
2019-01-06,12.29588
2019-01-07,9.326355000000001
2019-01-08,13.898473333333333
2019-01-09,10.54372
2019-01-10,9.639593333333332
2019-01-11,10.510883333333334
2019-01-12,9.742185000000001
2019-01-13,12.318090000000002
2019-01-14,11.834798333333334
2019-01-15,11.020428333333333
2019-01-16,10.224638333333333
2019-01-17,10.3306
2019-01-18,11.47833
2019-01-19,10.508118333333334
2019-01-20,11.400323333333333
2019-01-21,12.439916666666667
2019-01-22,11.926288333333334
2019-01-23,10.37388
2019-01-24,10.299126666666666
2019-01-25,11.10699
2019-01-26,10.933834999999998
2019-01-27,10.936285
2019-01-28,9.597623333333333
2019-01-29,9.306334999999999
2019-01-30,10.349868333333333
2019-01-31,9.998918333333334
2019-02-01,10.271821666666666
2019-02-02,9.423723333333333
2019-02-03,10.326295
2019-02-04,9.546515
2019-02-05,9.671881666666668
2019-02-06,11.00699
2019-02-07,12.311440000000001
2019-02-08,12.9032
2019-02-09,11.525281666666666
2019-02-10,11.637516666666667
2019-02-11,10.296646666666668
2019-02-12,10.311431666666666
2019-02-13,9.455191666666668
2019-02-14,11.931486666666666
2019-02-15,9.35132
2019-02-16,11.224408333333335
2019-02-17,10.82243
2019-02-18,10.0051
2019-02-19,9.312555
2019-02-20,9.546775
2019-02-21,9.376396666666666
2019-02-22,8.557291666666666
2019-02-23,8.892850000000001
2019-02-24,9.675861666666666
2019-02-25,8.38804
2019-02-26,8.249369999999999
2019-02-27,9.352963333333333
2019-02-28,9.127998333333332
2019-03-01,9.398338333333333
2019-03-02,10.239823333333334
2019-03-03,10.539471666666666
2019-03-04,10.984881666666666
2019-03-05,9.180483333333333
2019-03-06,8.723775
2019-03-07,9.092973333333333
2019-03-08,9.550588333333334
2019-03-09,10.550136666666667
2019-03-10,9.169343333333334
2019-03-11,9.39893
2019-03-12,9.218506666666666
2019-03-13,8.596839999999998
2019-03-14,8.908753333333333
2019-03-15,8.884278333333333
2019-03-16,9.070525
2019-03-17,10.922435
2019-03-18,10.191091666666667
2019-03-19,10.690251666666667
2019-03-20,9.541355000000001
2019-03-21,9.412090000000001
2019-03-22,9.69662
2019-03-23,9.773895000000001
2019-03-24,11.595156666666666
2019-03-25,9.67829
2019-03-26,8.965518333333334
2019-03-27,9.70868
2019-03-28,12.400703333333333
2019-03-29,11.463973333333334
2019-03-30,11.405685
2019-03-31,11.978951666666667
2019-04-01,11.462583333333333
2019-04-02,11.09735
2019-04-03,12.892906666666667
2019-04-04,13.249865
2019-04-05,14.519031666666665
2019-04-06,16.503194999999998
2019-04-07,14.70656
2019-04-08,14.943211666666667
2019-04-09,15.623838333333333
2019-04-10,16.229483333333334
2019-04-11,15.886591666666668
2019-04-12,16.507308333333334
2019-04-13,15.518056666666666
2019-04-14,15.332291666666666
2019-04-15,17.10548
2019-04-16,11.814308333333335
2019-04-17,8.54444
2019-04-18,8.717456666666667
2019-04-19,10.309756666666667
2019-04-20,11.759391666666666
2019-04-21,16.86512833333333
2019-04-22,17.87645
2019-04-23,19.166488333333334
2019-04-24,14.724775
2019-04-25,15.40215
2019-04-26,18.627305
2019-04-27,17.707228333333333
2019-04-28,22.463461666666667
2019-04-29,19.954493333333335
2019-04-30,17.078053333333333
2019-05-01,18.988651666666666
2019-05-02,19.254911666666665
2019-05-03,21.186813333333333
2019-05-04,22.461078333333333
2019-05-05,20.742781666666666
2019-05-06,21.722571666666667
2019-05-07,22.186411666666668
2019-05-08,22.166391666666666
2019-05-09,25.800181666666667
2019-05-10,22.398373333333332
2019-05-11,20.639631666666666
2019-05-12,23.755566666666667
2019-05-13,24.47722333333333
2019-05-14,18.748978333333334
2019-05-15,21.12449666666667
2019-05-16,16.267851666666665
2019-05-17,18.192795
2019-05-18,16.816491666666668
2019-05-19,18.293413333333334
2019-05-20,23.36350333333333
2019-05-21,21.717579999999998
2019-05-22,23.377391666666664
2019-05-23,22.75019
2019-05-24,23.80980333333333
2019-05-25,19.621661666666668
2019-05-26,24.289589999999997
2019-05-27,23.555229999999998
2019-05-28,26.736281666666667
2019-05-29,24.254208333333334
2019-05-30,29.948808333333332
2019-05-31,29.339293333333334
